Sentimen;full_text
negatif;kampus merdeka fee kemendikbud ngerasa nama daftar serta fee nya mana
negatif;kampus merdeka maksimal cuma kali iya sender iseng cek pddikti terang situ sender kali program kampus merdeka asli rencana sender daftar
negatif;prodi semester tidak bisa kampus merdeka magang cari bagi kah kampus merdeka
negatif;kampus merdeka maksud kampus bebas merdeka tentu ukt mahasiswa orang tua mahasiswa iya merdeka mana fungsi negara aparatus negara
negatif;buset kampus merdeka bolehin program dijadiin ladang uang ye
negatif;rocky kampus merdeka rektor rantai
negatif;pagi cek semester isi kampus merdeka program kampus merdeka data palsuin kah
negatif;kampus merdeka log realita nya kampus nya rantai
negatif;iya semester tulis kampus merdeka semester
negatif;nderr gapernah kampus merdeka samsekk
negatif;dih barusan ngecek kampus merdeka semester cantum direktoral jendral didik tinggi
negatif;kampus merdeka tulis aktif
negatif;semester kemarin kampus merdeka
negatif;barusan cek punya status aktif smt kampus merdeka
negatif;balik kampus merdeka status aktif
negatif;balik kampus merdeka smt status aktif teman kampus merdeka smt iya status kampus merdeka
negatif;balik nder smt kampus merdeka tulis aktif
negatif;balik kampus merdeka pddikti cantum
negatif;kampus merdeka kali semester semester pddikti semester
negatif;mahasiswa kampus merdeka akreditasi bagus nurun kampus smt ikut larang fokus baik akreditasi
negatif;ditiktok melulu magang merdeka kampus kampus merdeka sebel banget
negatif;yaa uin masuk kampus merdeka
negatif;uin ikut magang kampus merdeka iya
negatif;rekomendasi usaha open nagang surabaya cek web kampus merdeka lokasi jakarta iya hmm
negatif;lelah mbkm merdeka merdeka banget kampus
negatif;kampus merdeka pilih rektor merdeka penak turu wae ngasi
negatif;ungkap kecewa program msib kampus merdeka kampusmerdekari mana mahasiswa non mobilisasi biaya bantu hidup bbh program program magang selesaimana janji manis panitia kampusmerdekari
negatif;verifikasi rekening kampus merdeka banget iya tanggal april notifikasi kayak gimanaa
negatif;omong kosong slogan kampus merdeka belenggu kuasa
negatif;slogan kampus merdeka jajah kuasa
negatif;tetep beli gaji turun kampus merdeka gembel merdeka mahasiswa
negatif;gila sih bantu biaya hidup bulan cair selesai magang
negatif;kampus merdeka tega banget kelar cair bbh nya pusing
negatif;bbh msib cair sih bbh termin turun mohon pasti hak serta kampus merdeka batch
negatif;sensi perintah kampus merdeka undang plp covid
negatif;slogan nadiem kampus merdeka kampus merdeka dosen merdeka akademik
negatif;mbkm ghoib banget
negatif;dijadiin data palsu intensif mbkmnya masuk kah mbkm kasih uang bulan ukt uang mana
negatif;semester mbkm
negatif;status mbkm sks nya mbkm konversi sks
negatif;balik semester giat mbkm tulis semester
negatif;bangt data palsu kaya mbkm beneran sebal
negatif;lapor kah admin kampus nder jurus kemarin langsung admin list nama daftar mbkm
negatif;mbkm tulis
negatif;kolom program studi regist akun mbkm tidak bisa klik yaa
negatif;apas anak mbkm pamer uang brimonya
negatif;jurus nyuruh mbkm konversi sulit
negatif;mbkm smt mitra nya dikit banget asli
negatif;bingung magang mbkm posisi cuma pulau jawa
negatif;banget anjirr mbkm
negatif;aduh mbkm buka usaha
negatif;bilang sih sistem mbkm siksa
negatif;aneh mitra mbkm yaudahlah dikerjain
negatif;sibuk uas pas program mbkm nenek tinggal orang tua cerai ditinggalin pacar ngerangkak jalan
negatif;ikut mbkm niat buka rek eh semester kedapetan unpaid hangus uang cuma potong biaya admin
negatif;mahasiswa magang menang melulu mikirin luar mbkm nya butuh sandar dada jeon wonwoo
negatif;lohh mbkm halahh lahh ambil hikmah nya
negatif;habis gilir moga rezeki biar mbkm
negatif;buset mbkm batch bbh batch turun
negatif;stress tugas rentet mikirin mbkm perut kayak pelintir
negatif;kuliah kaya deh mbkm ribet banget
negatif;nyesel milih magang mbkm semester
negatif;iya daftar mbkm minimal semester watashi keteranganya nonaktif semester
negatif;problem prodi cuy pddikti prodi administrasi publik web mbkm administrasi negara
negatif;lebih baik lulus cepat gara gara mbkm mundur
negatif;mbkm semper barat miris banget lelah baget siap
negatif;bayar mbkm bayar bayar
negatif;lelah banget kuliah tidur set jam kerja super duper ramai minggu berangkat mbkm perut hari sakit banget tidak bisa nahan menang kesel
negatif;malesin mbkm lapor hari lapor isi buku diary
negatif;anjing mbkm kayak sbm kah
negatif;terima kipk program magang mbkm gasih program kah jepang daftar takut gaboleh
negatif;mbkm satu sisi sesat anjing kaprodi
negatif;mbkm iya
negatif;menang starbucks cuma ngerjain lapor mbkm
negatif;cape ngurusin mbkm aneh
negatif;dendam mbkm
negatif;tauu suruh mbkm tukar suruh magang angkat covid sem daring kelas biji full ajar bareng bareng semester
negatif;heran kampus dukung mahasiswa mbkm program perintah seribet lebih baik
negatif;dipusingin mbkm topik skripsi
negatif;tidak bisa sempro mbkm
netral;teman enak daftar kampus merdeka semester yak
netral;misi daftar akun kampus merdeka activation email yaa coba daftar coba kirim tetep masuk makas
netral;program kampus merdeka msib magang cari instansi milih dk pilih website kampusmerdeka iya
netral;halo teman terima kampus merdeka surat rekomendasi sptjm tulis semester semsster iya
netral;teman lulus program msib kampus merdeka saran anak didik pgsd ambil magang studi independen kirakira usaha open jurus didik posisi iya makasii
netral;daftar magang kampus merdeka kampus ajar kah terima dua iya
netral;daftar kampus merdeka cek sehat iya sih klinik puskesmasrumah sakit
netral;gaes program magang kampus merdeka batch sharing makasii
netral;teman magang kampus merdeka wfa kah wfo
netral;maksimal kampus merdeka
netral;kak kampus merdeka program sedang apa
netral;gada kampus merdeka magang apaa
netral;daftar akun kampus merdeka pakai email pribadi pakai email kampus iya
netral;magang kampus merdeka tahap seleksi
netral;magang luar ngajuin magang kaya kampus merdeka
netral;daftar bangkit kampus merdeka sks iya lolos sebentar smt jalanin sks hidup sii beneran ges sender nonit tia ugmfess
netral;kampus merdeka ajar sedia dm putar giat terima kasih
netral;kampus merdeka tolong kasih saran enak kasih plus minus
netral;teman alam organisasi lulus magang kampus merdeka yaa
netral;ganti lahir web kampus merdeka iya ko tidak bisa teken
netral;alam iku program msib kampus merdeka info
netral;tulis msib web kampus merdeka nya
netral;program kampus merdeka matkul metode teliti konversi
netral;magang mandiri or magang kampus merdeka
netral;program kampus merdeka kah fakultas nder fhisip via email
netral;mbkm magang mandiri wajib kampus nder lihat kerjasama kampus merdeka tinggal lihat pas mbkm buka daftar
netral;tanyaa program tukar mahasiswa merdeka kampus pulau jawa pilih pulau jawa iya
netral;alam pkl smk magang kampus magang merdeka apa magang magang cantum cv iya
netral;help akun email kampus log in melulu akun tolong daftar kampus merdeka pakai akun email kampus pribadi
netral;program kampus merdeka diikutin mahasiswa semester iya
netral;daftar akun magang merdeka pakai email kampus
netral;program kampus merdeka wfh yak
netral;upi sptjm kampus merdeka msib
netral;pas ppb kampus merdeka
netral;mitra kampus merdeka
netral;ngerasain langsung bimbing mahasiswa kampus merdeka magang kantor ku kemarin
netral;magang kampus merdeka
netral;sptjm dekan nder urus nder sptjm takut salah format kaya semester kemarin ambil kampus merdeka sesuai
netral;id card deh kaya pas banget siap magang program kampus merdeka
netral;temen-temen uny ngajuin surat rekomendasi program kampus merdeka web nya iya terima kasih
netral;magang kampus merdeka batch
netral;tolak ajar kampus merdeka kora yaa
netral;magang kampus merdeka batch ayo mutualan
netral;akuu kampus merdeka si program stupen private message kmmi
netral;group magenta kampus merdeka iya tidak bisa
netral;email bbh kampus merdeka masuk spam janganjangan
netral;kak magang kampus merdeka buka iya
netral;ngerasain mbkm farmasi
netral;tolong kasi magang mbkm kampus ajar magang lamar lolos kampus ajar lolos gugur yaa
netral;nentuin program mbkm semester pilih program iya mungkin bolehin izin konser
netral;skripsi nyambi mbkm kak
netral;mbkm
netral;mbkm milik magang kkn
netral;halo kakk mjb mbkm xl yaa
netral;kkn masuk kah mbkm
netral;bikin cv mbkm isi iya cuy mahasiswa kupukupu
netral;alias selesai mbkm
netral;ngulang matkul ndaftar daftar program mbkm msib bingung
netral;mbkm dana bantu perintah uang
netral;semester program mbkm
netral;wajib mbkm
netral;inti bijak wajib mahasiswa mbkm minimal kali
netral;magang mbkm kampus
netral;kampus mbkm maksimal semester semester iya semester
netral;semester informasi mbkm magang semester sih daftar lihat info darimana
netral;daftar mbkm bikin akun bikin akun dosen jurus diem diem terima kasih
netral;ikutt magang program mbkm semester kolom portofolio anak akutansi portofolio isi iya terima kasih
netral;anak didik matematika mbkm rencana semester
netral;kak program mbkm riset elsa brin cerita testimoni nya terima kasih
netral;fakultas beda bijak sih mbkm
netral;iyaa nder habis mbkm kemarin sidang
netral;misi izin kakak magang mbkm tipe konversi sks iya kenan makasii
netral;urus transkrip nilai mbkm jenis tolong kasih alur terima kasih
netral;mari zoom mbkm
netral;cv nya alam organisasi daftar si mbkm nya relevan alam didapet sesuai jurus
netral;daftar salah program mbkm umum daftar program gas mbkm
netral;format template nya mbkm nya kak
netral;ambil mbkm minimal semester iya
netral;mbkm program menteri dalam kkn wirausaha dan lain
netral;inti program mbkm berkas sesuai salah dikit gugur sebentar msib lupa bikin cv format friendly
netral;mbkm kali gas
positif;mendikbudristek apresiasi komitmen uny implementasi program kampus merdeka
positif;syukur banget batch kemarin tolak jalur kampus merdeka terima jalur mandiri bangkit alhasil jatah kali kampus merdeka kaya iya
positif;dionpouw iya weh nyesel join pas kuota kampus merdeka
positif;nadim beres bagamana kampus merdeka kurrikulum merdeka bagus
positif;suka cita ucap selamat mahasiswa fib universitas indonesia lolos program kampus merdeka indonesian international student mobility awards iisma
positif;wow rasa dsuruh urus magang kampus merdeka iya
positif;mbkm pas smt smt matkul rekognisi cantum direktoral jendral didik tinggi kampus merdeka nder
positif;mari bersamasama wujud citacita reformasi ruang kelas selasar kampus masingmasing bersamasama wujud pribadi merdeka maju peka merdeka tindas
positif;kampus merdeka selesai kangen bocil bocil mati
positif;kampus merdeka keren partisipasi dunia usaha dunia industrimelalui praktisi ajar kedaireka nyambungin gagas uang tinggal sdm nya tingkat
positif;lho mas nadiem beres tuju rata didik lho ngasi program ajar merdeka kampus merdeka
positif;nadim beres bagamana kampus merdeka kurrikulum merdeka bagus
positif;iya ambil kampus merdeka gabanyak tugas kak sampek srkarang device kakak ku apus tertawa
positif;sih kah kampus merdeka ikut program kampus merdeka cepat kerja
positif;ngomong-ngomong adik ikut program kampus merdeka moga adik tim bagus intern
positif;akses kampus merdeka iisma sulit lagi menarikk
positif;pmm tukar mahasiswa merdeka program kampus merdeka beasiswa nder
positif;program msib usung perintah manfaat mahasiswa
positif;fomo dikit tedx kampus merdeka
positif;sebenernya volunteer kepanitian kampus merdeka
positif;kampus merdeka
positif;moga lolos kampus merdeka
positif;mahasiswa itb nobel indonesia bagi alam jalan program kampus merdeka
positif;teman worth it kampus ajar magang merdeka iya
positif;magang kampus merdeka nder inka mitra msib tahu
positif;magang program kampus merdeka matkul kampus
positif;alhamdulillah kampus merdeka
positif;kampus merdeka biar kkn
positif;ambil program kampus merdeka konversi enak iya magang secircle mitra kerjasama fakultas skripsi jalan pintas sedih ketemu orang
positif;kampus ngadain semenjak kampus merdeka
positif;kampus ajar jatuh hati abdi masyarakat temu teman kampus agam jurus rizka agustina mahasiswa fakultas hutan lingkung program merdeka ajar kampus merdeka mbkm kampus ajar
positif;magang bank gaji bank nya lumayan gaji kampus merdeka
positif;share magang merdeka pmm program kampus merdeka bener bener lifechanging banget huhu makas sempat
positif;semester magang kampus daftar magang merdeka moga terima
positif;banget magang kampus merdeka
positif;kampus merdeka deh
positif;gausah giat kampus merdeka confrence seminar latih workshop juaauh benefit
positif;program merdeka ajar kampus merdeka mbkm alam ajar negeri
positif;kuliah magang kampus merdeka
positif;target mbkm
positif;langsung kah kaprodi beliau dosen suka woroworo mbkm
positif;bismillah iya moga mbkm magang sby
positif;santai pikir konversi mbkm skripsi
positif;manifesting smester mbkm dosbing skripsi enak sempro
positif;tidak apa nder each person have their own way mbkm bagus menuhin linkedin course online remote parttime santai iya tidak apa bikin plan difokusin semangatt
positif;justsitnobserve nestle buka mbkm coba ae coy
positif;apply banyak sesuai jurus suka cek kala kah email akun mbkm nya rezeki lolos lupa siapin cv sertie surat rekomendasi kampus
positif;manifesting terima magang mbkm semester
positif;mbkm lumayan
positif;kemarin gaji mbkm turun langsung traktir keluarga makan bubur kwang tung enak banget
positif;ekspektasi program mbkm
positif;nder ubah mbkm lulus bangkit ngeboost cv banget
positif;mbkm si magang gtu
positif;contoh saat bingung mbkm ketua angkat ku berinsiatif urus saing angkat ketua biar satu orang tinggal belakang
positif;mbkm annjir
positif;magang mbkm jakarta
positif;upi angkat wajib mbkm kali
positif;lolos mbkm kmi world health organization
positif;dpn si moga terima mbkm kkp yag bags
positif;kampus ku program mbkm kkn alias konversi nder
positif;gapernah move on gampang secepet untung kuliah smt kampus mbkm dan bagai
positif;mbkm iya kkn iya doa iya nder
positif;beli iphone xr uang magang mbkm terima kip itu uang magang potong uang kip
positif;hai student ai mastery mimin kasih salah project baru student ai mastery student mbkm batch fayza aprilliza inspirasi
positif;senang bangga puas program mbkm tema abdi masyarakat kenal kondisi masyarakat desa kondisi tani kondisi ekonomi masyarakat desa zidan fr mahasiswa sekolah vokasi program mbkm one village one ceo ovoc
positif;takut gueh ubah krna smt ws all in gae mbkm coba
positif;mbkm tambang masyaallah manusia pintar banget public speakingnya leadershipnya teamworknya pokok minder takut kerja tambang hahahaha
positif;tipu nder banget suruh isi survey mbkm program wkwkwkwk
positif;trnyata klitih terap kurikulum mbkm
positif;manifesting magang mbkm semester
positif;sidang magang kaya pas akhir mbkm iya mksdnya kuasa erti jobdesk hrsnya aman
positif;lupa mbkm ben gendeng
positif;mbak program mbkm program kampus ajar
positif;jujur yah habis sosialisasi kkn siang mbkm msbi giur daftar tutup duaduanya
positif;manifesting lolos seleksi mbkm
positif;tidur kursi alhamdulillah mbkm sabar
positif;panitia sertif sertif mbkm kewirausahaan kmren lumayan banget
positif;bahan uji coba kampus diriin lsp mbkm kewirausahaan masuk swasta syukur banget kasih sempat harga
positif;mbkm coba nder bantu
positif;rezeki masyaallah banget kerja praktek super lancar sempat kampus merdeka mbkm dinas rumah kuliah gasemuanya konversi magang semester kuat kerja parttime barista mas ngejalanin organisasi
positif;mbkm auto ngumpulin produk sih
