label,tweet
0,abeydoc hyuckren dongren angkatan udara johan lelaki posesif sedunia pertemukan ibra si berandal nakal antero
0,adiandito susah senang ibra
0,bagasiregar ibra sat set sat set langsung gas gausah ribet dybala
0,belalangsemprul idextratime wkwkwkw giliran diteriakin namanya si ibra perayaan scudetto bawa perasaan ibra berkon
0,bigfatwkwk pas atletico pindah jepang kejayaan umurnya dibawah ibra
0,brilliantdwii thure beneran jend lihat ibra grogi tertawa
0,cewek ibra mengirimkan shopee pay ayo ambil habis transfer pakai shopee pay gratis batas
0,cewenya ibra
0,cowo sumpah makeupny cantik banget huhuhu nama tiktokny ktnya sih namany libra ibra
0,depita kepanjangan depe ibra kependekan ibranto cowok matre suka depe dibayarin rujak
0,dimana-mana ibra
0,dlireksi ibra hemat air
0,dompetnya ibra diselipin huruf arab gundul
0,dwirahayuks semoga ngertiin disaat susah senang maksudnya woy ibra
0,epic susah senang ibra
0,fatsiomay sehari pacaran cewenya belikan ibra iya cilok siomay bandung
0,gg si ibra
0,hidup ibra
0,hrdbacot ibra pakai sarung tangan motor iya setang motor nya kanan
0,ibra
0,ibra beda
0,ibra bngga gasi trend topik
0,ibra bodoh bakso borak ta suarae ngunu tertawa
0,ibra cowok kul
0,ibra devita
0,ibra dimana
0,ibra kadabraa biasaa
0,ibra nomor wea pen berguru
0,ibra pakai sarung tangan ngangkat elpiji
0,ibra pemain billiard
0,ibra_fajar mafiawasit definisi baca dipahami
0,ibra_fajar mafiawasit ngomong-ngomong indonesia stadion milik klub iya
0,ibraallhoran ibra bermain ps yh
0,ibraallhoran ibra buka bukaan wkwkwk
0,ibrxx salam kenal ibra
0,ig nya ibra berguru
0,imdaqueenz unmagnetism adekmu bilangin cewek ibra
0,infomilanid ibra giroud origi stock penyerang milan musim
0,infosuporterid ibra dimana
0,inget teman smp namanya ibra ketemu jalan bawa motor panggil nengok nabrak wkwkw
0,insecure goodlooking ditolak cewek ditolak kerja solusinya cek berubah thread dm or wa ibra yusuf mansur fomo
0,interclubindo ibra ehh salah tetangga sebelah yah
0,iya alasan hakan pindah inter ibra
0,juvegaristabah dimana-mana ibra
0,kalah sayang ketar ketir melawan ibra
0,kelaas ibra
0,kidsibr harinya kak ibra
0,kidsibr ibra kemarin lihat wawancara pacar
0,kidsibr menyeret kak ibra
0,kompastv baik-baik
0,konten ibra konten giroud konten mike maignan konten leao tinggal menunggu konten mirante
0,kotakmakan kaya pas ibra barca kali iya
0,magnesiumoks kabar ibra
0,main ibra
0,manusia bawa perasaan ladenin omongan ibra theo ngajak fans chant hakan balas omongan ibra viral bandingin balas chant theo
0,marga ibra paling-paling kemarin ibra bikin heboh warga twitter tegal
0,mas ibra meresahkan yah
0,mengkritik lord ibra
0,menunggu ibra menanggapi hakan
0,miftah_rizaq fix buatin channel yutup mas ibra sih
0,muthiafy unmagnetism susah senang yaiyalah nyusahin orang ibra
0,nama depita ibra 'sang cowok matre trend twitter depita kdrt
0,ngejelekin mantan setim dibales ibra sewot
0,ngomong-ngomong ibra pakai sarung tangan kaya ngibarin bendera
0,noberandal ibra iya black jacket
0,noberandal ibra sayangku
0,nssanf oh my god lucu banget gasabar ktemu ibra saudara laki-laki pindah jakarta
0,ofkidslove dadah kak ibra diving
0,ofkidslove lho tidak apa-apa ibra tega
0,onlybonx rustamsuryaman armansyahaldhy dandannya sih si ibra sleding oge yeuh
0,part negeri dongeng
0,pgn motor tiktok motorny ibra tidak bisa naiknya
0,positif thinking si depita kesurupan sadar iya allah ibra ibra
0,rajashahmi slow slow janji
0,ramaruhul tolong ajarkan saudaraka luluhin hati wanita iya ibra tolong
0,renggapkrisna itungannya sukses inter ibra sukses tim tetep berguna diliat pengalaman
0,rossonerifreak ibra ngomongnya hakan reaksinya
0,sakti ibra gara-gara sarung tangan sebelah kayaknya
0,sayang semoga ngertiin disaat susah senang haah wait ibra mksut nyaa dingertiin pas susah nya seneng ah apansih
0,semoga harimu selasa ibra
0,seram kali bang ibra
0,serius settingan ibra depita
0,sibuk mikirin copras capres lihat video si ibra si depita
0,skwkwkw plot twist cerita cinta depita ibra
0,suka pas ronaldo tumbuh kembang adriano ibra puncak gembira eto
0,thalhatesyou kalah andri ibra sat set sat set
0,the real menang ibra
0,theheruprasetyo interclubindo kenalan pedekate ronaldo sd jatuh cinta jaman vieri recoba smp jaman
0,tidak tahu ibra wkwkwk anjing
0,tunggu reaksi ibra
0,unmagnetism devita ibra everynoej
0,unmagnetism ibra kmu panutan
0,unmagnetism ibra sarung tangan bapalu dipake ngecor
0,unmagnetism kalah cowok cowok zaman ibra hahaha alifrezar
0,unmagnetism wkwkwk ibra ibra
0,wkwkwwkk beda server woi ibra nya
0,woii ibra
0,xaiversem selamat turu ibra
0,yaallah ibra nama anak wqwwqwq
0,yuliantologi jejak digitalnya ibra penyesalan
1,bangke ibra_official kirain uang banyakk
1,bangsat ibra scudetto meresahkan iya
1,bangsat mencemarkan clan ibra
1,bibit bagus woy ibra tolol ngelepas tertawa
1,bukti cinta fillyoursoul pmi kota semarang
1,byee hahaha ibra depita konsepnya haahaa
1,cari perkara kasihan pribumi tinggal kejauhan terpantau habisi
1,celana nya ibra
1,cewek cakep ibra pakai dukun belajar
1,ceweknya maniss ibra bangke dijajanin
1,cewenya cakep tertawa ibra senggama
1,contoh kawan sorg berlebih-lebihan
1,cweknya cakep hati sayang mandang fisik suka jajanin perfect bocahh kebaikan dilakuin ibra spek yaa
1,def def lebih baik mah cari cowok si ibra modelan dng bangganya bilang cowok matre
1,definisi cinta depita nya dalem banget kebayangan nanges nya depita disakitin ibra
1,depita agen perdagangan manusia tertawa ibra jual filipina wkwkwk
1,depita bodoh banget mandang fisik iya cari modal dikit ibra bangsat
1,depita cakep matanya mines kayaknya lihat ibra lihat lee min ho kali iya
1,depita daftarin ibra pendonor ginjal orang-orang tidak tahu
1,depp bilangin hati dalem melek mata tidur melulu bahaya si ibra dep bagus asmara kedepannya
1,devita cepat lari si ibra
1,devita lebih baik ibra modal saatt
1,dlireksi ibra cenayang iya
1,dlireksi ibra lupa dinner iya
1,doain smoga ibra genit cewek depita sadarr yawloh
1,fansnerazzurri hakan ulah ucapan ngatain bocah ibra laah ajh bicara media kaya bocah
1,fullmoonfolks cittairlanie timenewromance mazzini_gsp ibra murah bang
1,gedig ibra gedeg banget
1,gesgestay ibra anjeengg
1,grgr ibra
1,habibsboy tolong kaya ibra iya
1,heiombol unmagnetism gelap tuan ibra beda saldo wkwkwkwk
1,heran ibra
1,ibra akhlakless
1,ibra angkat muridmu
1,ibra asli menangis
1,ibra bajingan
1,ibra bangke wkwkwkwk
1,ibra bangsat debita rada buta yah deb debb
1,ibra bangsuuy
1,ibra beban sus
1,ibra bgsd lebih baik cewek ku dasar modal
1,ibra bocah gila
1,ibra brengsekk yee
1,ibra butuh ilmu
1,ibra ibra habis pikir bra
1,ibra kotoran banget
1,ibra modal banget cowo
1,ibra mokondo asu tertawa
1,ivanailupar lullabeau unmagnetism depita daftarin ibra pendonor ginjal
1,ivanailupar lullabeau unmagnetism uang jajanin ibra uang pinjol pakai kartu keluarganya ibra
1,jefripra koemala_sary beratt cebong gobloknya totalitas
1,ketemu ibra enak dibully keriting wkwkwkwk
1,kevinbr unmagnetism wkwkwkw iya makanyaa ibra ngeselinnya wkwkwk
1,kidsibr namanya ibra cowo matre
1,kren ibra lanjutkan
1,krusioponium ibra panutan meng
1,lullabeau unmagnetism depita diem diem masukkan list si ibra tumbal pesugihan
1,melecehkan
1,merusak nama ibra dunia
1,modalnya ibra terang konten kyag maksudnya konten nemu pacarannya sehari seminggu sebulan nyampe bulanan nemu
1,natural settingan bodoamatt anjingg ibra
1,nyusahin banget ibra
1,pacarku kalah telak bang ibra
1,pngajian alhamdulillah gajadi ibra
1,sandarannya ventela custom
1,si ibra enak banget depita modal lagii depita pesenku si cepat sadar iya dep
1,tinkerbae depita cakep tulus peletnya ibra kuat banget
1,ukhtykekinian cantik gede iya cuan sangebanget turu kebangun cewek partai demokrasi Indonesia perjuangan bu puan ibr
1,unmagnetism aduh depitaa cantik coba ruqyah si ibra dipandang fisik dijajanin
1,unmagnetism ajg si ibra
1,unmagnetism asu ibra dekil banget anj
1,unmagnetism cewenya mayan seram dukunnya ibra premium
1,unmagnetism depita didikannya cakep ibra didikannya tidak tahu deng
1,unmagnetism depita kena cuci ye otaknya anjing si ibra modal banget banget
1,unmagnetism depita lihat ibra anjg
1,unmagnetism depita putusin ibra pacaran
1,unmagnetism depita sadar kena genjutsu ibra
1,unmagnetism devita nyesel wkwkwk sumpah ibra jelek modal
1,unmagnetism fakyu ibra
1,unmagnetism fix ibra gede kader partai politik
1,unmagnetism genit iya ibra
1,unmagnetism ibra bonti banget
1,unmagnetism ibra gapunya malu
1,unmagnetism ibra mah kondisinya susah belanjain cewek nya anjc
1,unmagnetism ibra makek pelet
1,unmagnetism ibra si cowo matre
1,unmagnetism jancok koe ibra asu tenan meneh iku depita mesti mongah mongah nek delok video iki
1,unmagnetism kah ku telinga mu ibra ayo dikit bunyi nguung
1,unmagnetism karpet welcome ibra modal ngajak anak orang kerja woi
1,unmagnetism merantawjauh bangsat ibra
1,unmagnetism nyusahin ibra tlooll
1,unmagnetism orang tua ketar ketir didikannya kayak si ibra depita kelewat
1,unmagnetism pukulin si ibra
1,unmagnetism si cewek kaya kayanya sih cmn butuh teman curahan hati butih kasih syang kayanya jabanin jajan dan lain-lain krna co nya tipe pendengar lohh klitn sihh si ibra anak profile hahha
1,unmagnetism si ibra seneng tidak tahu depita ngedaftarin tumbal proyek
1,unmagnetism suara ibra kayak suara lawas suzana
1,unmagnetism tampilan ibra tukang tebang pohon
1,unmagnetism tidak apa-apa depita modalin nutrisari teajus ntr bantu cari orang butuh jantung ginjal biji mata usus jual si ibra
1,unmagnetism ya sudah gassin ibra
2,adamaulanaibra eh diem deh curahan hati tinggal tidur bang ibra
2,ajg jago ibra
2,bagus ibra pensiun balbalan
2,bisabisanya ibra bobo vieri selera mu goal banget
2,cakep banget ibra
2,depita lebih baik adek ajah si ibra
2,depitaa cinta indah dep out of topic sii sarung tangannya ibra cmn sebelah greget banget diwawancarain style cowonya extra respect totalitas
2,devitanya badai banget mokondo ibra tandain
2,fansnerazzurri ibra kena sindir francesco totti respect ibra
2,frisca_dyah unmagnetism semoga ngertiin susah senang ibra
2,gibraldine terharu banget banget banget pokoknya protect ibra at all cost
2,gusalinr unmagnetism keren tenan si ibra peng
2,hakan berani nyenggol ibra
2,hasyuu ibra ra nggowok dompet
2,hebat si ibra
2,hoki seumur hidup kepake ibra alias ibra bangsat
2,hrdbacot ibra mental baja walao gapunya uang
2,ibra jago karate
2,ibra juara
2,ibra kearifan lokal cewek nya bibit unggul kwkwkw
2,ibra mantap beeut
2,ibra pakai ilmu hoki
2,ibraallhoran asikk sayang jentengkyuu ibra
2,ibraallhoran makasii ibra
2,ibrxx sbrr iya ibra
2,iya semoga kakak ibra lolos sbm
2,juni hbd presiden jokowi sehat beserta keluarga salah mohon dimaafkan sayang moh
2,keren abiss
2,keren ibra
2,kidsibr hy kakak ibra cakep
2,lihat bekas jaitan sc suka sedih body muluuws seneng ksrna ibra
2,liyayajsuh ibra depita
2,lnlyhndwthcgrt unmagnetism fuckkyurself ibra ajarkan murid mu suhu
2,manafger ibra romantis
2,mantap ibra lawan wkwkwk
2,mantap jadikan dirimu matre dewasa ibra
2,mendidik anak ala ali bin abi thalib yusuf mansur ibra penelitian dan pengembangan kompas ir lokal siang hati frislly
2,mental stabil tante and ibra thank
2,miftahnurielr pencitraantokk yah niru outfitnya ibra
2,mihrabku semangat anak-anak yatim ngaji ngaji ngajii terruuss
2,milannewsit ibra pemain tua sanggup memenangkan liga champions tim belanya inter beruntung menjual etoo
2,minum starbucks cegukan thanks ibra
2,moonareas ibra jago masak
2,nabiel_almusawa anakku kehidupan mu singkat jaga hatimu pencipta kehidupan mu iya bersih
2,namanya ibra beruntung
2,niat pindah biar scudetto eh bodoh ujung-ujungnya bawa perasaan sabar iya mas calhanoglu tiati ibra galak
2,noberandal iya ibra plan
2,novalassegaf bosan bertaubat berulang-ulang berdosa kali berbuat dosa beristighfarlah
2,novalassegaf engkau ulama penuntut ilmu cintailah ji
2,novalassegaf nikmat terbesar hidup ketenangan pikiran merasakannya seakan memiliki https
2,novalassegaf takkan terlewatkan ditetapkan allah untukmu terlewatkan milikm
2,ofkidslove kidsdhafi terima kasih mixlrnya kak dhafi kak ibra selamat istirahat iya dengarkan mixlrnya bener-bener selesai
2,onlyfrens perubahan global
2,outfit ibra maudy pacaran
2,pacarnya ibra cantik pakai kacamata
2,pakai ilmu si ibra
2,pakaresteh belajar sat set sat set bang ibra
2,panutan lord ibra
2,peletnya ibra kuat
2,pengin sungkem ibra
2,plis depita cakep banget si ibra mah ye monmaap tidak tahu modal bicara blepotan menyesali perbuatan
2,populer cewek lokal binance miliar ibra jateng is redaksi ahok
2,qaillaasyiqah allahu akbar sholat ashar berjama'ah kedutaan besar india jakarta juni boycott india
2,qaillaasyiqah ib-hrs yaa habib istirahat perjuangan beliau istirahat perj
2,rajin sholat ibra main juventus ib
2,ramlirizal pdi_perjuangan
2,rifqinaufall interclubindo anak jatuh cinta jaman adriano ibra
2,riombee goal_id kenyataannya pencapaian ibra usia lukaku bagus
2,risalahmuslimid jadikanlah sabar shalat penolongmu sesungguhnya sungguh berat kecuali orang-ora
2,rizkifrdn harap bang ibra pemikiran sepertimu
2,rossonerifreak gol ibra seri penampilan lukaku hakan
2,rossonerifreak sih gantiin ibra leader
2,salah pemain favorit galaknya melebihi ibra
2,satu-satunya sahabat nabi hidup rasulullah duduk pohon indah
2,satunya orang membuatmu bahagia dirimu sndr yusuf mansur ice bsd uang uang ibra god jihyo jateng is redaksi miliar ella keren oktober
2,sbmptnfess grup tele dihubungi fasilkom fib fkg
2,semoga keluarga lingkungan depira menyelamatkan depita ibra si cowo matre sayang banget cakep gitu salah pergaulan
2,semoga kisah joji menganggu ibra depita ibra
2,semoga mengerti perasaan disaat susah senang maksud sih sia ibra
2,seneng lihatnya
2,show iya wakuu charradeejay
2,si ibra 'lagemi lalaki gede milik
2,silakan diisi ambyar
2,startingale ibyaa terima kasih yaa keren ibra ku cool
2,stupidoz halloo ibra lupa sarapan mandi semangat and have bagus fridayy
2,stupidoz ibra umur banyakin olahraga iya teman umurnya keatas bolak masuk ugd kaya paginya masuk ugd siangnya malemnya masuk kerjanya ugd
2,terima kasih ilmu
2,tinggal menerima kekuranganku depita ibra susahnya
2,today_messagee bahagia berdamai menerima takdirnya psikologi sufi
2,unmagnetism bad boi bngt ibra pantes cewek klopak klepek
2,unmagnetism depita cewek langka sih cewenya cantik mandang fisik ibra bayarin jalan
2,unmagnetism ibra ac milan
2,unmagnetism ibra ginjalnya dijaga iya
2,unmagnetism ibra istigfar
2,unmagnetism ibra menerima depita mencintainya sepenuh hati sungguh cowo teladan
2,unmagnetism liatliat ibra stylenya banget tadisiang
2,unmagnetism pakai nama ibra langsung demage ketampanan bertambah
2,unmagnetism si ibra becanda bapaknya polisi sudirman
2,yaampun sabar nungguin balasan ibra
2,yogojekyo gojekontwitt imut om mail iya mas wkwkw nyangka